{"cameraMode":{"drawMode":0,"name":"Shaded","section":"Shading Mode"},"sceneLighting":false,"audioPlay":false,"sceneViewState":{"m_AlwaysRefresh":false,"showFog":true,"showSkybox":false,"showFlares":true,"showImageEffects":true,"showParticleSystems":true,"showVisualEffectGraphs":true,"m_FxEnabled":true},"in2DMode":false,"pivot":{"x":-0.038062095642089847,"y":28.629234313964845,"z":25.02141571044922},"rotation":{"x":0.16363176703453065,"y":-0.10454579442739487,"z":0.017440561205148698,"w":0.9808207750320435},"size":7.0445756912231449,"orthographic":false}