{"cameraMode":{"drawMode":0,"name":"Shaded","section":"Shading Mode"},"sceneLighting":false,"audioPlay":false,"sceneViewState":{"m_AlwaysRefresh":false,"showFog":true,"showSkybox":false,"showFlares":true,"showImageEffects":true,"showParticleSystems":true,"showVisualEffectGraphs":true,"m_FxEnabled":true},"in2DMode":false,"pivot":{"x":0.7113306522369385,"y":-6.638699531555176,"z":-23.67644691467285},"rotation":{"x":0.008804550394415856,"y":0.9903156161308289,"z":-0.11670906096696854,"w":0.07471317797899246},"size":21.83089256286621,"orthographic":false}